start_idx,achieved_ll,elapsed_time,success,message,num_iter,start_beta,start_gamma,opt_beta,opt_gamma,opt_sigma
0,-6443.085186752223,293.19781827926636,True,Optimization terminated successfully.,36,[  0.5  -0.5  -3.5  -1.5   0.5 -40.    1.5],"[1.41421356 0.         1.41421356 0.         0.         1.41421356
 0.         0.         0.         1.41421356]","[  0.58181294  -0.43690548  -3.70685188  -2.41897751   0.37707546
 -39.24287541   1.22284079]","[[ 1.56603817  0.          0.          0.        ]
 [-0.20213239  1.67077215  0.          0.        ]
 [ 0.38950088  0.73350287  1.26183153  0.        ]
 [ 0.45383718 -0.42588661  0.40471155  2.33329643]
 [ 0.          0.          0.          0.        ]
 [ 0.          0.          0.          0.        ]
 [ 0.          0.          0.          0.        ]]","[[ 2.45247555 -0.31654704  0.60997325  0.71072635  0.          0.
   0.        ]
 [-0.31654704  2.83233708  1.14678543 -0.80329468  0.          0.
   0.        ]
 [ 0.60997325  1.14678543  2.28195622  0.37505873  0.          0.
   0.        ]
 [ 0.71072635 -0.80329468  0.37505873  5.99541126  0.          0.
   0.        ]
 [ 0.          0.          0.          0.          0.          0.
   0.        ]
 [ 0.          0.          0.          0.          0.          0.
   0.        ]
 [ 0.          0.          0.          0.          0.          0.
   0.        ]]"
