start_idx,achieved_ll,elapsed_time,success,message,num_iter,start_beta,start_gamma,opt_beta,opt_gamma,opt_sigma
0,-6443.08518675222,46.70741415023804,False,Desired error not necessarily achieved due to precision loss.,0,"[  0.58181293  -0.43690548  -3.70685189  -2.41897754   0.37707548
 -39.24287541   1.2228408 ]","[ 0.44854897 -0.20213239  0.51328588  0.38950085  0.73350291  0.23256426
  0.45383722 -0.42588663  0.40471155  0.84728206]","[  0.58181293  -0.43690548  -3.70685189  -2.41897754   0.37707548
 -39.24287541   1.2228408 ]","[[ 1.56603817  0.          0.          0.        ]
 [-0.20213239  1.67077215  0.          0.        ]
 [ 0.38950085  0.73350291  1.26183153  0.        ]
 [ 0.45383722 -0.42588663  0.40471155  2.33329646]]","[[ 2.45247555 -0.31654704  0.6099732   0.71072641]
 [-0.31654704  2.83233708  1.1467855  -0.80329472]
 [ 0.6099732   1.1467855   2.28195624  0.37505869]
 [ 0.71072641 -0.80329472  0.37505869  5.99541145]]"
