start_idx,achieved_ll,elapsed_time,success,message,num_iter,start_beta,start_gamma,opt_beta,opt_gamma,opt_sigma
0,-6381.14758938922,26.506941080093384,True,Optimization terminated successfully.,0,"[  0.59598083  -0.76915251  -3.87649957  -2.03877781   0.41845289
 -35.90620991   1.18470254]","[  0.05263584  -0.5760809   -0.04408025   0.89648537   1.21832301
  -0.27836701   0.26745879  -0.90451707   1.84029579 -28.87014491
 -29.20810212  -0.31460653   2.54847346   0.39765028  -0.52502764
  -0.46729737]","[  0.59598083  -0.76915251  -3.87649957  -2.03877781   0.41845289
 -35.90620991   1.18470254]","[[ 1.05404573e+00  0.00000000e+00  0.00000000e+00  0.00000000e+00
   0.00000000e+00  0.00000000e+00  0.00000000e+00]
 [-5.76080905e-01  9.56877166e-01  0.00000000e+00  0.00000000e+00
   0.00000000e+00  0.00000000e+00  0.00000000e+00]
 [ 8.96485373e-01  1.21832301e+00  7.57018934e-01  0.00000000e+00
   0.00000000e+00  0.00000000e+00  0.00000000e+00]
 [ 2.67458794e-01 -9.04517066e-01  1.84029579e+00  2.89637888e-13
   0.00000000e+00  0.00000000e+00  0.00000000e+00]
 [ 0.00000000e+00  0.00000000e+00  0.00000000e+00  0.00000000e+00
   2.06577218e-13  0.00000000e+00  0.00000000e+00]
 [ 0.00000000e+00  0.00000000e+00  0.00000000e+00  0.00000000e+00
  -3.14606529e-01  1.27875681e+01  0.00000000e+00]
 [ 0.00000000e+00  0.00000000e+00  0.00000000e+00  0.00000000e+00
   3.97650283e-01 -5.25027644e-01  6.26693701e-01]]","[[ 1.11101240e+00 -6.07215618e-01  9.44936579e-01  2.81913800e-01
   0.00000000e+00  0.00000000e+00  0.00000000e+00]
 [-6.07215618e-01  1.24748312e+00  6.49337364e-01 -1.01958963e+00
   0.00000000e+00  0.00000000e+00  0.00000000e+00]
 [ 9.44936579e-01  6.49337364e-01  2.86107465e+00  5.30917699e-01
   0.00000000e+00  0.00000000e+00  0.00000000e+00]
 [ 2.81913800e-01 -1.01958963e+00  5.30917699e-01  4.27637392e+00
   0.00000000e+00  0.00000000e+00  0.00000000e+00]
 [ 0.00000000e+00  0.00000000e+00  0.00000000e+00  0.00000000e+00
   4.26741470e-26 -6.49905415e-14  8.21454892e-14]
 [ 0.00000000e+00  0.00000000e+00  0.00000000e+00  0.00000000e+00
  -6.49905415e-14  1.63620875e+02 -6.83893013e+00]
 [ 0.00000000e+00  0.00000000e+00  0.00000000e+00  0.00000000e+00
   8.21454892e-14 -6.83893013e+00  8.26524769e-01]]"
