start_idx,achieved_ll,elapsed_time,success,message,num_iter,start_beta,start_gamma,opt_beta,opt_gamma,opt_sigma
0,-6453.892390199537,36.7580680847168,True,Optimization terminated successfully.,34,[  0.5  -1.   -4.   -2.    0.5 -40.    1.5],"[0.69314718 0.69314718 0.69314718 0.69314718 0.         2.30258509
 0.        ]","[  0.57194503  -0.42473843  -3.5916933   -2.38005293   0.40131897
 -37.46235433   1.2851685 ]","[[1.32074454 0.         0.         0.         0.         0.
  0.        ]
 [0.         1.23914177 0.         0.         0.         0.
  0.        ]
 [0.         0.         0.82256649 0.         0.         0.
  0.        ]
 [0.         0.         0.         2.40828849 0.         0.
  0.        ]
 [0.         0.         0.         0.         0.63014827 0.
  0.        ]
 [0.         0.         0.         0.         0.         6.82964636
  0.        ]
 [0.         0.         0.         0.         0.         0.
  0.427826  ]]","[[ 1.74436614  0.          0.          0.          0.          0.
   0.        ]
 [ 0.          1.53547232  0.          0.          0.          0.
   0.        ]
 [ 0.          0.          0.67661563  0.          0.          0.
   0.        ]
 [ 0.          0.          0.          5.79985347  0.          0.
   0.        ]
 [ 0.          0.          0.          0.          0.39708684  0.
   0.        ]
 [ 0.          0.          0.          0.          0.         46.64406937
   0.        ]
 [ 0.          0.          0.          0.          0.          0.
   0.18303508]]"
