start_idx,achieved_ll,elapsed_time,success,message,num_iter,start_beta,start_gamma,opt_beta,opt_gamma,opt_sigma
0,-6480.583856352757,33.86801528930664,False,Desired error not necessarily achieved due to precision loss.,22,[  0.5  -0.5  -3.5  -2.    0.5 -40.    1.5],[0.54930614 0.54930614 0.54930614 0.54930614],"[  0.3004932   -0.3751614   -3.60346903  -3.05088058   0.40247714
 -38.37319384   1.25830758]","[[1.70142529 0.         0.         0.        ]
 [0.         1.58726421 0.         0.        ]
 [0.         0.         1.2345371  0.        ]
 [0.         0.         0.         3.63582467]]","[[ 2.89484802  0.          0.          0.        ]
 [ 0.          2.51940768  0.          0.        ]
 [ 0.          0.          1.52408185  0.        ]
 [ 0.          0.          0.         13.21922103]]"
