start_idx,achieved_ll,elapsed_time,success,message,num_iter,start_beta,start_gamma,opt_beta,opt_gamma,opt_sigma
0,-6429.193424825457,36.024882793426514,True,Optimization terminated successfully.,81,[  0.5  -1.   -4.   -2.    0.5 -40.    1.5],"[ 0.34657359  0.          0.34657359  0.          0.          0.34657359
  0.          0.          0.          0.34657359 -0.34657359  0.
  1.84443973  0.          0.         -0.34657359]","[  0.25164535  -0.56603408  -4.05105794  -2.12328989   0.39026253
 -39.18023039   1.78818205]","[[ 6.18408270e-01  0.00000000e+00  0.00000000e+00  0.00000000e+00
   0.00000000e+00  0.00000000e+00  0.00000000e+00]
 [-2.18498415e-01  1.25130880e+00  0.00000000e+00  0.00000000e+00
   0.00000000e+00  0.00000000e+00  0.00000000e+00]
 [ 3.39765767e-01  6.17219705e-01  1.36755383e+00  0.00000000e+00
   0.00000000e+00  0.00000000e+00  0.00000000e+00]
 [ 9.81711634e-01  3.22887294e-01  8.18186981e-01  1.09615706e+00
   0.00000000e+00  0.00000000e+00  0.00000000e+00]
 [ 0.00000000e+00  0.00000000e+00  0.00000000e+00  0.00000000e+00
   3.66184670e-13  0.00000000e+00  0.00000000e+00]
 [ 0.00000000e+00  0.00000000e+00  0.00000000e+00  0.00000000e+00
   8.67954981e-01  8.68366162e+00  0.00000000e+00]
 [ 0.00000000e+00  0.00000000e+00  0.00000000e+00  0.00000000e+00
   4.53908250e-03 -4.45686663e-01  8.68036612e-01]]","[[ 3.82428788e-01 -1.35121227e-01  2.10113960e-01  6.07098593e-01
   0.00000000e+00  0.00000000e+00  0.00000000e+00]
 [-1.35121227e-01  1.61351527e+00  6.98094168e-01  1.89529276e-01
   0.00000000e+00  0.00000000e+00  0.00000000e+00]
 [ 2.10113960e-01  6.98094168e-01  2.36660443e+00  1.65175915e+00
   0.00000000e+00  0.00000000e+00  0.00000000e+00]
 [ 6.07098593e-01  1.89529276e-01  1.65175915e+00  2.93900417e+00
   0.00000000e+00  0.00000000e+00  0.00000000e+00]
 [ 0.00000000e+00  0.00000000e+00  0.00000000e+00  0.00000000e+00
   1.34091213e-25  3.17831809e-13  1.66214243e-15]
 [ 0.00000000e+00  0.00000000e+00  0.00000000e+00  0.00000000e+00
   3.17831809e-13  7.61593250e+01 -3.86625245e+00]
 [ 0.00000000e+00  0.00000000e+00  0.00000000e+00  0.00000000e+00
   1.66214243e-15 -3.86625245e+00  9.52144765e-01]]"
